{
  "vosy_app/chaincode.py": 1770114458.061534,
  "vosy_app/vosy.py": 1773833984.255885,
  "vosy_app/utils.py": 1770114458.061534,
  "bcb_server/orderer.py": 1773833993.8978453,
  "bcb_server/blockchain.py": 1770114458.031534,
  "bcb_server/certificate_authority.py": 1773834325.0724788,
  "bcb_server/utils.py": 1770114458.031534,
  "bcb_server/block.py": 1770114458.031534,
  "bcb_server/peer.py": 1773833995.161845,
  "requirements.txt": 1770114458.061534,
  "README.md": 1775635073.4726026,
  "docs/bcb_vosy.pdf": 1770114458.051534,
  "docs/network_sample.png": 1770114458.051534,
  "docs/sample.png": 1770114458.061534,
  "docs/architecture.png": 1770114458.041534
}